x1,x2,x3
33.24,11.036,36.431
33.976,11.017,35.266
32.372,12.073,36.637
33.833,12.034,34.304
32.198,13.077,35.684
32.962,13.054,34.545
32.727,14.065,33.64
36.069,14.432,39.102
36.611,14.662,38.019
35.324,15.371,39.675
35.014,16.587,38.967
34.787,17.726,39.937
33.711,16.385,38.157
33.406,17.608,37.478
35.268,18.931,39.563
35.02,20.066,40.446
33.671,20.669,40.112
33.114,21.604,40.776
36.146,21.114,40.159
37.286,21.023,41.15
32.935,20.108,39.118
31.565,20.576,38.823
30.549,19.43,38.543
30.954,18.55,37.8
31.575,21.395,37.541
32.443,22.686,37.696
32.331,23.531,36.469
31.362,23.414,35.689
33.202,24.401,36.243
29.358,19.554,39.114
28.291,18.582,38.742
27.024,19.437,38.545
28.067,17.51,39.81
29.111,16.392,39.778
29.02,15.378,38.864
30.025,14.398,38.847
26.667,19.768,37.32
25.487,20.661,37.125
24.197,19.801,36.997
23.725,19.563,35.897
25.699,21.589,35.954
24.812,22.84,35.962
23.648,22.919,36.736
25.15,23.876,35.142
24.386,25.04,35.078
23.257,25.102,35.85
27.95,23.153,39.731
28.94,22.405,39.791
27.687,23.894,38.694
28.591,23.907,37.505
28.369,25.193,36.714
27.423,25.95,36.919
29.313,25.496,35.817
29.271,26.712,35.033
28.506,26.594,33.709
28.093,27.612,33.159
30.747,27.034,34.705
31.411,27.866,35.801
31.165,29.077,35.871
32.213,27.24,36.668
28.454,25.388,33.127
27.933,25.311,31.748
28.161,23.877,31.28
27.757,22.985,32.016
28.703,23.708,30.101
28.831,22.455,29.389
29.565,21.363,30.143
29.221,20.177,30.121
30.756,21.708,30.708
31.556,20.686,31.382
30.868,20.16,32.634
30.918,18.94,32.891
32.889,21.383,31.767
33.904,20.484,32.524
35.306,21.055,32.262
33.63,20.642,34.006
30.27,21.003,33.461
29.541,20.553,34.658
28.304,19.755,34.219
27.927,18.822,34.936
27.656,20.207,33.164
26.431,19.506,32.694
26.861,18.185,32.066
26.098,17.204,32.265
25.553,20.304,31.736
24.277,19.597,31.271
23.361,19.228,32.473
22.968,17.771,32.3
22.188,17.172,33.196
21.77,17.83,34.285
21.809,15.876,32.946
28.034,18.071,31.443
28.462,16.757,30.941
28.634,15.729,32.064
28.206,14.557,32.053
29.796,16.872,30.196
30.226,15.624,29.388
29.491,15.608,28.056
31.737,15.727,29.148
29.243,16.206,33.18
29.43,15.334,34.331
28.068,14.851,34.847
27.987,13.663,35.209
30.209,16.08,35.432
27.044,15.686,34.851
25.732,15.231,35.323
25.083,14.234,34.337
24.545,13.212,34.836
24.836,16.448,35.481
25.177,14.412,33.046
24.639,13.433,32.068
25.447,12.144,32.201
24.848,11.076,32.063
24.736,13.906,30.589
23.652,15.295,30.142
26.745,12.216,32.431
27.572,11.019,32.636
27.159,10.254,33.886
29.09,11.298,32.696
29.71,11.61,31.347
29.008,11.673,30.16
31.098,11.842,31.302
29.575,11.972,28.932
31.688,12.074,30.046
30.961,12.166,28.873
26.867,10.956,35.025
26.844,29.129,38.352
27.002,30.203,37.3
25.478,28.431,38.157
28.397,30.797,37.237
31.237,26.904,40.346
32.229,25.753,40.2
29.978,26.518,39.564
34.563,29.836,40.74
33.818,29.868,39.393
33.643,28.857,38.698
36.039,29.508,40.468
33.236,31.01,39.008
32.392,31.176,37.853
33.062,31.396,36.519
32.461,32.033,35.646
31.484,32.345,38.292
34.178,30.75,36.26
34.903,30.913,34.991
34.552,29.779,34.014
34.372,28.638,34.47
36.422,30.844,35.292
36.836,32.037,36.148
36.567,33.157,35.723
37.401,31.828,37.31
34.506,30.097,32.767
34.181,29.135,31.697
35.29,29.238,30.651
35.408,30.306,30.086
32.836,29.503,31.011
32.386,28.339,30.075
32.768,28.289,28.889
31.608,27.509,30.641
36.14,28.242,30.435
37.195,28.263,29.473
38.22,29.353,29.844
38.804,29.95,28.965
36.764,28.459,28.014
36.113,27.188,27.45
34.899,26.95,27.638
36.957,26.398,26.823
38.482,29.483,31.118
39.49,30.473,31.57
39.992,30.038,32.938
39.198,29.686,33.81
38.877,31.872,31.649
39.854,32.907,32.173
40.8,33.457,31.306
39.781,33.345,33.474
41.683,34.43,31.769
40.672,34.329,33.934
41.298,29.888,33.057
41.968,29.523,34.282
42.269,30.809,35.069
42.929,31.697,34.553
43.308,28.808,34.003
44.192,28.577,35.197
43.777,27.802,36.257
45.478,29.104,35.278
44.581,27.517,37.363
41.772,30.816,36.297
39.104,25.22,40.281
38.048,24.911,39.524
36.854,25.37,39.964
38.226,24.253,38.365
41.623,23.256,39.744
37.284,9.806,33.5
38.277,9.169,32.535
38.82,9.922,31.59
39.926,13.068,35.719
39.147,13.933,34.749
39.419,13.989,33.528
38.168,14.704,35.25
37.379,15.612,34.414
38.192,16.932,34.326
38.09,17.689,35.259
35.986,15.824,35.047
34.995,16.439,34.057
35.139,16.306,32.848
33.974,17.166,34.592
38.874,17.072,33.205
39.791,18.205,32.991
40.942,17.955,33.953
41.11,16.869,34.554
39.12,19.574,33.24
39.748,20.609,32.32
40.932,20.906,32.549
39.115,21.094,31.403
41.873,18.941,34.045
42.947,18.8,35.024
42.573,19.255,36.427
43.376,19.211,37.38
44.2,19.61,34.585
43.72,20.953,34.407
44.668,19.119,33.206
41.294,19.707,36.636
40.902,20.167,37.962
41.235,19.208,39.077
39.437,20.688,38.012
39.126,21.538,36.821
37.84,21.601,36.289
39.907,22.277,35.989
37.855,22.412,35.245
39.092,22.828,35.054
40.312,17.241,37.885
42.436,12.245,31.678
41.597,12.632,30.482
41.874,12.262,29.331
43.916,14.365,31.154
43.167,15.39,31.707
44.778,14.692,30.12
43.251,16.697,31.23
44.853,15.99,29.623
44.094,16.989,30.195
44.208,18.286,29.728
40.561,13.474,30.695
39.79,14.067,29.639
40.023,15.607,29.53
39.91,16.299,30.534
38.262,13.879,29.84
38.04,12.464,29.934
37.461,14.537,28.728
40.433,16.03,28.362
40.7,17.443,28.051
39.491,18.028,27.368
38.835,17.384,26.498
41.969,17.519,27.173
42.225,18.881,26.578
41.458,19.431,25.771
43.346,19.446,27.104
39.048,19.234,27.731
37.873,19.845,27.14
38.048,21.215,26.51
37.099,21.96,26.316
36.878,20.084,28.312
36.519,18.902,29.145
35.354,18.197,28.938
37.144,18.393,30.241
35.3,17.249,29.879
36.39,17.329,30.691
39.306,21.675,26.269
39.5,23.056,25.815
40.543,23.169,24.712
41.28,22.208,24.376
40.03,23.868,27.02
41.191,23.17,27.545
39.051,24.03,28.19
40.639,24.349,24.09
41.701,24.593,23.108
42.476,25.864,23.449
43.641,26.03,23.117
41.196,24.724,21.663
40.624,23.391,21.196
40.163,25.822,21.514
41.777,26.78,24.069
42.463,28.111,24.247
43.556,27.999,25.275
43.404,27.478,26.39
41.207,28.91,24.652
40.34,29.35,23.478
41.589,30.009,25.531
41.013,30.239,22.446
44.741,28.603,25.045
45.86,28.471,25.967
45.568,28.975,27.357
45.99,28.415,28.374
45.106,29.295,23.78
44.764,30.046,27.448
44.472,30.568,28.784
43.447,29.742,29.58
43.168,30.139,30.717
44.023,32.028,28.673
42.645,32.157,28.041
42.65,32.438,26.563
43.561,32.057,25.781
41.625,32.937,26.049
42.884,28.686,29.014
41.962,27.804,29.767
42.758,26.706,30.469
42.192,26.011,31.299
41.011,27.086,28.787
44.068,26.53,30.17
44.837,25.481,30.819
45.387,25.915,32.178
45.701,27.083,32.403
46.037,25.032,29.956
45.772,24.372,28.621
47.12,24.064,27.939
44.976,23.057,28.745
45.363,25.001,33.153
45.864,25.184,34.491
45.282,24.083,35.44
43.753,24.311,35.598
43.35,23.532,36.864
43.538,22.27,36.883
42.92,24.067,37.904
42.938,11.004,26.155
41.836,11.758,26.346
40.907,11.902,25.259
40.345,13.322,25.151
40.352,13.938,26.183
39.661,10.951,25.455
38.711,11.31,26.574
38.881,10.985,27.728
37.56,11.951,26.256
40.001,13.66,23.938
39.259,14.916,23.702
37.769,14.516,23.563
37.464,13.342,23.681
36.912,15.481,23.279
35.458,15.351,23.477
34.666,15.499,22.192
33.438,15.571,22.245
35.007,16.333,24.587
35.594,15.981,25.945
35.51,17.764,24.268
35.347,15.508,21.054
34.716,15.485,19.731
35.815,15.177,18.722
36.997,15.376,19.059
33.875,16.647,19.269
35.48,14.471,17.626
36.542,14.017,16.706
37.483,15.139,16.306
38.691,14.906,16.426
37.002,16.3,15.926
37.908,17.396,15.499
38.852,17.831,16.6
40.03,18.172,16.349
37.022,18.542,14.963
37.866,19.58,14.225
36.188,19.17,16.074
37.095,20.839,13.82
38.371,17.903,17.85
39.174,18.289,19.003
40.168,17.205,19.376
41.38,17.425,19.593
38.247,18.575,20.186
38.856,18.737,21.526
39.711,19.789,21.861
38.679,18.017,22.655
40.076,19.661,23.127
39.421,18.583,23.641
39.693,15.939,19.441
40.684,14.9,19.742
40.045,13.469,19.792
39.133,13.587,20.905
42.662,20.454,18.5
43.4,17.244,22.329
42.884,16.365,23.493
43.783,18.595,22.917
47.029,21.278,23.224
44.695,22.372,21.454
46.526,18.618,25.682
47.315,19.443,26.513
41.007,10.977,22.247
38.461,10.325,21.181
37.213,9.756,21.907
37.067,8.55,21.91
38.056,10.476,19.711
36.799,11.331,19.623
35.801,10.895,19.069
36.789,12.564,20.107
36.454,10.626,22.567
35.175,10.236,23.148
34.212,11.402,22.837
34.077,12.224,23.717
35.207,9.909,24.642
36.127,8.745,25.044
35.571,7.384,24.524
33.546,11.315,21.689
32.553,12.372,21.429
31.503,12.453,22.518
30.91,11.468,22.976
31.946,12.216,20.032
32.958,12.166,19.039
30.991,13.382,19.736
31.242,13.691,22.96
30.323,13.988,24.035
28.877,13.532,23.661
28.558,13.23,22.514
30.265,15.512,24.298
31.435,15.929,25.227
31.677,17.16,25.358
32.155,15.035,25.833
28.03,13.51,24.687
26.637,13.14,24.408
25.817,13.829,25.529
26.364,14.433,26.483
24.502,13.597,25.521
23.582,14.16,26.481
22.568,13.058,26.893
22.357,12.211,26.034
22.713,15.326,25.969
22.052,14.942,24.604
23.629,16.557,25.654
21.055,15.942,24.093
21.991,13.079,28.087
20.215,16.444,28.586
20.759,17.339,29.52
20.047,18.529,29.392
20.214,19.685,30.132
23.033,29.164,25.084
23.221,28.099,24.542
23.905,29.811,25.861
25.204,29.23,26.206
25.974,30.34,26.964
25.57,31.492,26.935
26.003,28.825,24.951
26.216,29.936,23.921
26.742,29.519,22.558
25.818,28.584,21.715
26.482,27.231,21.709
27.079,29.964,27.612
27.823,31.037,28.357
28.223,32.129,27.386
28.483,31.859,26.218
29.03,30.347,29.026
28.723,29.613,30.337
28.068,30.511,31.416
29.11,31.394,31.947
29.876,31.167,33.026
29.723,30.112,33.823
30.795,32.091,33.289
28.403,33.365,27.878
28.835,34.447,27.022
30.377,34.453,26.887
31.067,34.419,27.878
30.875,34.336,25.674
32.326,34.271,25.511
32.617,34.776,24.109
31.831,34.509,23.17
32.952,32.874,25.69
34.44,32.909,25.877
35.252,33.366,24.827
35.256,32.64,26.913
36.523,33.351,25.209
36.557,32.916,26.476
33.641,35.636,23.968
33.963,36.006,22.574
34.045,34.833,21.63
33.647,35.027,20.461
34.565,33.612,21.991
34.757,32.583,20.985
33.386,32.008,20.484
33.417,31.478,19.377
35.678,31.432,21.466
35.106,30.324,22.321
34.431,29.25,21.662
35.216,30.27,23.692
33.887,28.228,22.42
34.678,29.25,24.462
33.993,28.227,23.779
33.412,27.206,24.521
32.397,32.192,21.309
31.079,31.623,20.886
30.335,32.616,19.971
29.351,32.269,19.325
30.261,31.334,22.13
30.803,30.127,22.924
30.099,29.996,24.255
30.593,28.961,25.254
30.213,27.603,24.736
30.823,33.867,19.918
27.422,34.367,23.276
27.174,33.248,23.833
28.649,34.849,23.319
25.335,33.38,30.931
27.413,34.558,31.525
28.106,33.891,30.758
26.046,33.399,33.292
30.006,36.024,33.091
31.279,35.593,33.02
32.002,35.545,34.284
33.363,34.918,34.123
34.453,36.429,29.486
34.709,36.078,28.187
35.61,36.603,26.009
22.112,29.148,29.314
22.197,27.933,28.638
21.029,27.325,28.235
21.044,26.106,27.611
21.611,22.533,33.916
23.957,28.392,17.489
24.101,28.397,18.744
24.836,27.826,16.66
26.042,27.15,17.105
27.198,27.701,16.256
27.647,27.041,15.349
25.894,25.64,16.924
24.602,25.073,17.591
24.61,25.218,19.103
25.675,25.329,19.765
23.42,25.263,19.735
27.561,28.959,16.519
28.377,29.767,15.608
29.786,30.151,16.035
30.348,31.176,15.623
30.346,29.332,16.905
31.727,29.536,17.379
32.661,29.6,16.191
32.44,29.008,15.141
32.089,28.335,18.244
31.878,27.085,17.544
33.812,30.293,16.322
34.793,30.303,15.252
35.334,28.9,15.065
35.712,28.246,16.04
36.014,31.185,15.69
35.421,32.433,16.039
35.435,28.446,13.809
35.923,27.082,13.594
37.214,26.797,14.37
38.146,27.624,14.332
37.249,25.643,15.091
38.364,25.36,15.957
38.291,25.768,17.407
39.227,25.428,18.152
37.27,26.483,17.893
37.248,26.923,19.284
36.279,26.175,20.186
36.546,26.157,21.376
36.855,28.415,19.345
35.576,28.616,18.722
37.909,29.282,18.605
35.166,25.636,19.668
34.263,24.901,20.618
34.749,23.453,20.594
34.597,22.734,19.568
32.822,25.034,20.097
31.732,24.52,21.027
31.616,25.465,22.231
30.856,26.47,22.091
32.211,25.206,23.299
35.295,22.951,21.712
35.871,21.587,21.702
34.821,20.496,21.294
35.168,19.693,20.432
36.402,21.247,23.076
33.614,20.666,21.828
32.575,19.765,21.267
31.245,20.513,21.191
30.579,20.593,20.158
32.495,18.548,22.249
31.271,17.874,21.93
30.789,21.057,22.299
29.462,21.647,22.485
28.516,20.501,22.981
28.765,19.359,22.616
27.458,20.818,23.691
26.429,19.829,24.059
25.024,20.427,23.889
24.03,19.711,23.619
26.563,19.281,25.482
26.655,20.369,26.366
27.723,18.325,25.594
24.938,21.753,23.953
23.659,22.464,23.721
23.262,22.168,22.239
22.067,21.923,21.925
24.247,22.122,21.322
23.963,21.709,19.947
23.19,20.373,19.888
22.141,20.299,19.151
25.239,21.666,19.119
26.359,20.829,19.725
26.196,20.246,20.823
27.56,20.81,19.128
23.658,19.379,20.623
22.893,18.094,20.621
21.527,18.226,21.241
20.587,17.53,20.778
23.706,17.123,21.511
25.099,16.895,20.939
26.201,16.058,22.073
27.795,16.351,21.254
29.946,24.239,12.643
31.104,26.999,13.85
33.03,23.176,12.29
34.26,23.212,12.171
32.453,23.082,13.492
33.249,23.185,14.722
32.739,22.155,15.729
31.523,21.919,15.736
33.101,24.6,15.326
34.227,24.856,16.37
35.261,24.148,16.249
34.037,25.733,17.204
33.651,21.613,16.533
33.227,20.704,17.619
32.4,19.527,17.042
32.654,18.932,16.005
31.433,19.177,17.867
30.531,18.067,17.468
29.556,18.529,16.405
28.869,17.63,15.796
29.84,17.479,18.694
29.433,19.805,16.041
28.587,20.16,14.9
28.961,19.378,13.636
28.068,19.025,12.836
28.682,21.641,14.469
28.398,22.626,15.558
27.958,22.361,16.686
28.654,23.925,15.288
30.267,19.138,13.441
32.247,18.156,12.346
33.002,19.512,12.446
30.181,16.336,13.433
30.058,14.239,14.765
31.546,13.914,14.667
32.166,13.639,16.015
32.044,12.47,16.507
32.814,14.562,16.588
27.422,15.998,13.898
25.478,17.313,14.604
25.668,17.19,16.123
25.41,18.709,17.01
23.857,19.32,16.5
37.435,34.564,19.182
37.996,33.319,19.192
38.666,32.834,20.312
38.258,34.953,21.409
38.821,33.675,21.4
24.57,11.973,20.68
24.007,11.687,22.055
24.01,12.495,22.972
24.178,13.382,20.127
25.002,13.543,18.843
26.388,13.637,18.873
27.104,13.693,17.669
26.445,13.622,16.461
24.477,9.802,24.402
24.441,10.279,25.649
25.577,10.027,26.581
25.757,8.582,26.906
26.785,8.073,27.377
25.483,10.957,27.823
24.193,10.799,28.413
29.178,9.23,21.254
30.384,8.969,21.684
28.646,10.411,21.19
29.721,8.021,25.008
30.199,7.226,26.191
29.498,9.49,25.506
28.87,10.304,24.51
30.85,10.041,25.95
28.9,7.799,30.185
30.209,8.159,30.895
34.433,7.55,28.85
35.65,8.101,29.271
33.519,8.379,28.213
35.93,9.463,29.036
33.783,9.708,27.942
35.019,10.23,28.388
35.299,11.573,28.186
